deposit,type,age_Ma,country,tonnage_production,tonnage_reserves,tonnage_total_metal,n_analyses,MnO(%),Fe2O3 t,SiO2 (%),Al2O3 (%),CaO(%),MgO(%),K2O(%),Na2O(%),P2O5,TiO2 (%),LOI (%),As,Ba,Cd,Co,Cr,Cu,Mo,Nb,Ni,Pb,Rb,Sc,Sr,Th,U,V,Y,Zn,Zr,La,Ce,Pr,Nd,Sm,Eu,Gd,Tb,Dy,Ho,Er,Tm,Yb,Lu,LaCN,CeCN,PrCN,NdCN,SmCN,EuCN,GdCN,TbCN,YbCN,Ce/Ce*,Eu/Eu*,LaN/YbN,Ce/Ce* @Alo,Eu/Eu* @Alo,LaN/YbN @Alo,% Ccarb,% Corg,δ13Ccarb pdb,δ13Ccarb pdb_1,δ13Corg,δ18Ocarb pdb,δ18Ocarb smow,δ18Ocarb pdb_1,δ18Ocarb smow_1,% Stotal,δ34S pyrite,δ34S barite,δ34S gypsum
Abbotabad,sedimentary,517.0,Pakistan,,0.5,0.13,18,27.41399424339834,24.662000404405315,5.410537716469153,13.96923497917182,9.283572321772272,0.5440969471430499,0.8574965778852119,0.09721480441441548,4.255768192559665,0.9424580999899769,10.51473684210526,,5474.687346712521,,391.4282431066054,220.4877702555206,348.2497661854427,3.389870584280493,1.797233698507801,287.2812129469568,2593.9012357665547,19.09717670370836,41.625,434.0121540239829,35.13070717107994,4.414860183958791,602.3835453144825,71.62526145678362,594.1198205367056,79.90542073664875,116.0,387.0,,139.0,34.4,9.83,34.53,,27.78,,22.7,,18.3,2.09,316.07629427792915,404.3887147335423,229.4531942821549,195.49929676511957,148.9177489177489,112.98850574712644,112.84313725490196,,73.79032258064517,1.5016060546781136,0.8716125160589667,4.283438304968657,1.5016060546781136,0.8716125160589667,,,,,,,,,,,,,,
Adilabad,sedimentary,770.0,India,,0.25,0.3,7,29.843253275109166,1.36,17.066666666666666,0.5333333333333333,15.1,1.4666666666666668,0.14333333333333334,0.05,0.01,0.11,29.066666666666666,,269.03333333333336,,8.0,37.333333333333336,31.0,,,20.0,5.2,5.346666666666667,,183.66666666666666,0.13333333333333333,0.04833333333333333,30.333333333333332,10.1,0.0,5.0,8.433333333333334,44.666666666666664,2.1266666666666665,8.083333333333334,1.7466666666666668,0.38766666666666666,1.9933333333333334,0.327,1.9933333333333334,0.4056666666666667,1.1199999999999999,0.155,0.8453333333333335,0.119,22.97910990009083,46.67363288052943,15.523114355231144,11.36896390060947,7.561327561327562,4.4559386973180075,6.514161220043573,5.637931034482759,3.4086021505376345,2.532277316697648,0.6351820358288793,6.769141357689599,2.050179607261353,0.608374070399649,,4.815972222222222,0.029,1.01,-4.441000000000001,-28.35,-7.45875,23.24725,-6.601999999999999,24.104,,,,
Akkermanov,sedimentary,328.0,Russia,,1.2,0.13799999999999998,,15.8,2.13,14.4,0.88,,,,,0.22,0.04,35.0,,,,,,,,,,,,,,,,,,,,,,,,,,,,,,,,,,,,,,,,,,,,,,,,,,,,,,,,,,,,,
Ananai,volcanogenic,265.0,Japan,0.2,,0.06,18,36.26470588235293,7.789411764705882,39.917647058823526,3.605882352941176,3.6217647058823523,1.1370588235294117,0.38852941176470585,0.9205882352941178,0.5876470588235293,0.4594117647058823,5.319411764705883,,5141.176470588235,,58.01176470588237,43.692352941176466,18.688235294117643,,12.314117647058824,140.7058823529412,,13.583529411764706,5.389411764705883,411.87647058823535,2.155294117647059,1.9370588235294113,80.1705882352941,25.454117647058823,180.94117647058823,40.97176470588235,24.70588235294118,39.06470588235294,5.529411764705882,21.988235294117644,4.235294117647059,1.5705882352941178,4.041176470588234,0.4294117647058823,3.523529411764705,0.7529411764705882,1.964705882352941,0.28823529411764703,1.8176470588235292,0.2647058823529412,67.31848052572529,40.819964349376114,40.3606698153714,30.925788036733678,18.334606569900686,18.052738336714,13.206459054209915,7.40365111561866,7.329222011385198,0.7831163407161404,1.1601498686284375,9.18494219729637,0.7465,3.0691,,,,,,,,,,,,,,
Azul-Carajas,sedimentary,1850.0,Brazil,,,8,,,,,,,,,,,,,,,,,,,,,,,,,,,,,,,,,,,,,,,,,,,,,,,,,,,,,,,,,,,,,,,,,,,,,,,,,
Bald Knob,volcanogenic,750.0,USA,,0.5,0.12915384615384617,13,23.36,3.6080000000000005,12.232000000000001,5.242,23.72,2.14,0.01,0.0094,0.01,0.158,0.01,4.368,38.0,0.362,295.6,11.6,35.44,0.0,3.7400000000000007,54.6,0.0,5.0,0.0,418.0,1.34,0.712,128.4,19.04,35.0,40.8,7.959999999999999,19.98,0.0,8.44,2.46,0.576,0.0,0.518,0.0,0.0,0.0,0.0,2.2239999999999998,0.34400000000000003,21.689373297002724,20.877742946708466,14.437925581317296,11.870604781997189,10.649350649350648,6.620689655172415,9.215303806028667,8.931034482758621,8.96774193548387,1.1797979708638715,0.6683236633810619,2.4185991806010234,1.1912,0.5476,,,,,,,,,,,,,,
Binkiliç,sedimentary,28.0,Turkey,,1,0.36203703703703705,13,47.633318466850724,3.3105380095375945,11.779893221242624,4.215614195293915,15.312106265100057,0.8018991661763486,0.4137974999346108,0.5177771627860125,0.6381971714695934,0.5377666916141708,12.610630611532809,,5202.371543489191,,78.1,13.338461538461539,81.52307692307691,,,228.19230769230768,43.8,,,495.2,,,50.29230769230769,11.353846153846153,57.0,48.9076923076923,13.0,21.666666666666668,,10.666666666666666,2.3333333333333335,3.0,,,1.0,,,,1.0,,35.42234332425068,22.640195053988162,19.966688982213732,15.002344116268167,10.101010101010102,34.48275862068966,,,4.032258064516129,0.8513114871859122,,8.78474114441417,0.851,,,,,,,,,,,,,,,
Blue Jay,volcanogenic,158.0,USA,0.004645,,0.0015847191666666666,26,54.96,2.0988,23.198,1.0,0.52,1.2120000000000002,0.136,0.254,0.10399999999999998,0.05800000000000001,15.1,,,,,47.7,,,40.0,,21.82,8.0,,76.0,0.6,4.08,,10.0,,5.0,16.325,13.475,0.0,14.475,2.8,0.8325,0.0,0.5,0.0,0.0,0.0,0.0,1.2,0.194,44.48228882833787,14.080459770114944,26.3886046132341,20.358649789029535,12.121212121212121,9.56896551724138,12.622549019607842,8.620689655172413,5.846774193548388,0.5113490047064412,0.7229761648987816,7.850712638859778,0.8642,0.3923,,,,,,,,,,,,,,
"Bolske (Bolshoi, Bolshe, Bol'she)-Tokmak",sedimentary,28.0,Russia,,450,107.01,,30.72,1.8733,18.7,,,,,,0.20454545454545453,,,,,,10.0,,14.0,,,64.0,,,,,,,,,,,,,,,,,,,,,,,,,,,,,,,,,,,,,,,,,,,,,,,,,,,,
Bonai-Keonjhar,sedimentary,3200.0,India,,25,6.708333333333334,,42.69571428571429,17.229285714285716,10.089285714285717,7.093571428571428,0.14333333333333334,0.15666666666666665,1.2333333333333332,0.06666666666666668,0.13833333333333334,0.06833333333333334,13.2125,18.166666666666668,2726.5,,592.7857142857143,20.583333333333332,264.64285714285717,10.216666666666667,1.49,202.85714285714286,63.357142857142854,20.0,37.42857142857143,413.3333333333333,0.1,1.6,54.38333333333333,45.785714285714285,400.2857142857143,13.166666666666666,61.37142857142856,175.04642857142858,18.62142857142857,66.35,21.492857142857144,5.904285714285714,16.521428571428572,2.5728571428571425,13.62142857142857,2.7128571428571426,6.160714285714286,0.9514285714285714,5.736428571428571,0.8057142857142858,167.22460101206693,182.91162860128378,135.92283628779975,93.31926863572434,93.0426716141002,67.86535303776684,53.99159663865545,44.35960591133004,23.130760368663598,1.4245710743498075,0.9931152064780306,7.417841464592295,0.5972,0.9839,,,,,,,,,,,,,,
Bronkhorstfontein,sedimentary,1880.0,Zuid Afrika,15,10,8.75,19,40.9897309090909,22.336363636363636,25.918181818181814,0.7454545454545454,0.18818181818181817,0.0393,0.8990909090909092,,0.09545454545454546,0.05363636363636364,5.427272727272729,,806.0909090909091,,237.5,133.7,254.8,,,34.0,20.11,,,,5.07,,156.8,18.0,53.8,55.05,49.75,173.05,11.4,44.5,9.940000000000001,1.98,7.63,1.0550000000000002,0.0,0.0,0.0,0.0,2.83,0.0,135.55858310626704,180.82549634273775,83.21167883211679,62.587904360056264,43.03030303030303,22.758620689655174,24.934640522875817,18.189655172413794,11.411290322580646,1.7025662234741779,0.6947957922495456,11.879338731573931,1.7025662234741779,0.6947957922495456,11.879338731573931,,,,,,,,,,,,,
Buckeye-Ladd-Thomas,volcanogenic,145.0,USA,0.063,,0.021252,,42.76333333333333,1.5933333333333335,33.25333333333333,2.0933333333333333,1.8566666666666667,2.57,0.15000000000000002,0.5133333333333333,0.11,0.16,15.326666666666668,53.23333333333333,1340.3333333333333,,29.933333333333334,10.0,117.33333333333333,0.0,0.0,301.1666666666667,0.0,1.6500000000000001,0.0,454.40000000000003,0.63,2.1266666666666665,217.9333333333333,13.566666666666668,336.96666666666664,3.5700000000000003,2.65,7.066666666666667,0.0,3.266666666666666,0.8366666666666668,0.20333333333333337,0.8766666666666666,0.15333333333333335,0.0,0.0,0.0,0.09999999999999999,0.7266666666666666,0.12,7.220708446866485,7.384186694531523,4.7427369322883415,4.594467885607126,3.621933621933622,2.337164750957855,2.864923747276688,2.64367816091954,2.93010752688172,1.0300341701285025,0.6893782770783131,4.020121567805492,0.7421918805713429,0.5732722030209321,3.898553762313981,,,-36.4,,,,21.737499999999997,,,,,,
Çayirh,volcanogenic,85.0,Turkey,,0.5,0.11,,28.406399999999998,1.859,,,,,,,,,,,1000.0,,70.0,,200.0,,,200.0,,,,,,,,,,,,,,,,,,,,,,,,,,,,,,,,,,,,,,,,,,,,,,,,,,,,
Çevretepe-Dozuztekne,volcanogenic,85.0,Turkey,,0.5,0.07251111111111111,9,18.915942028985505,36.29181111111111,,2.5031888888888885,,,,,0.956075,0.11199999999999999,,,,,975.0,,1137.5,,,550.0,250.0,,,,,,,,1400.0,,,,,,,,,,,,,,,,,,,,,,,,,,,,,,,,,,,,,,,,,,,
Changyang,sedimentary,660.0,China,,1,0.045599999999999995,,5.922077922077921,4.5188,23.593169999999997,4.895099999999999,,,,,,,,,,,63.0,,47.0,,,29.0,,,,,,,,,,,,,,,,,,,,,,,,,,,,,,,,,,,,,,,,,,,,,,,,,,,,
Chiatura (Tchiatura)-Kvirila,sedimentary,28.0,Georgia,,900,225,,48.44849992331877,1.6291666666666667,14.740833333333335,3.5208333333333335,5.2475,1.8583333333333332,0.50075,0.49249999999999994,0.22,0.172,16.560833333333335,,3314.557217391304,,,,,,,,,,,,,,,,,,,,,,,,,,,,,,,,,,,,,,,,,,,,,,,8.031136363636364,,-7.1,-10.131250000000001,,,23.6,,25.3875,0.32032,,,
Datangpo,sedimentary,660.0,China,,1,0.23170000000000002,,39.92528603034134,2.65375,,,,,,,0.37,,,,,,,,,,,,,,,,,,,,,,,,,,,,,,,,,,,,,,,,,,,,,,,,,,,,,-9.675,,,,26.656,,,,,,
Dawashan,sedimentary,444.0,China,,,0.48,8,34.4875,3.2972500000000005,7.2425,1.8362499999999997,13.982500000000002,5.0675,0.21875,0.11000000000000001,0.16749999999999998,0.060000000000000005,32.75,,3169.05,,61.8375,282.25,25.342499999999998,0.9924999999999999,,242.3625,144.1,,,206.95,,,57.7625,,115.4375,,,,,,,,,,,,,,,,,,,,,,,,,,,,,,,1.435,,-13.330000000000002,,,,-8.32,22.386000000000003,,,,,
Dounan-Baixian-Heishui,sedimentary,230.0,China,,50,13,34,39.78666666666667,1.545,11.295,2.275,16.013333333333335,2.91,0.315,0.34,0.16666666666666666,0.12166666666666666,,,,,,,,,,,,,,,,,,,,,,,,,,,,,,,,,,,,,,,,,,,,,,,,,,,,-11.6,,,,,,,,,,
Drimos-Aroania,volcanogenic,152.0,Greece,,,0.01,16,28.122000000000003,0.3,57.548,0.7399999999999999,0.73,0.659,0.007000000000000001,0.17800000000000002,0.038,0.026000000000000002,11.518,,6085.222222222223,,149.44444444444446,12.666666666666666,,,1.6666666666666667,129.88888888888889,42.666666666666664,,,,,,194.44444444444446,17.666666666666668,44.888888888888886,28.0,,18.0,,17.25,,,,,,,,,,,,,,,,,,,,,,,,,,,,,,,,,,,,,,
East Carpathians,volcanogenic,488.0,Romania,10,,2.8826666666666667,19,36.354545454545445,13.395454545454545,20.798181818181817,1.12,3.2281818181818185,2.4454545454545458,0.1511111111111111,0.51,0.4227272727272727,0.088,22.50909090909091,,265.0,,36.537499999999994,16.0375,60.1625,,1.9,82.9625,10.1175,,2.948888888888889,,,1.6275,36.6625,19.025000000000002,78.375,40.0,10.2,39.0,2.06,8.21,1.53,0.31,1.31,0.18,0.9,0.18,0.51,0.07,0.46,0.06,27.792915531335147,40.75235109717868,15.036496350364963,11.547116736990157,6.623376623376624,3.563218390804598,4.281045751633987,3.1034482758620685,3.6290322580645165,1.9934818636838052,0.6691566236211566,,1.8072,0.7277,,,,-10.995000000000001,-11.315000000000001,-24.400000000000002,-8.120000000000001,22.585999999999995,-13.015,17.691,,,,
Elazig district,volcanogenic,44.0,Turkey,,,0.38,19,23.895499999999995,34.986999999999995,20.159,3.566999999999999,7.9754999999999985,1.0219999999999998,0.04250000000000001,0.07050000000000003,0.9680000000000002,0.14650000000000002,,194.46999999999997,1741.05,,66.53,18.473684210526315,576.25,13.359999999999996,4.1049999999999995,739.355,127.00999999999999,,6.7,805.295,1.6399999999999995,2.7299999999999995,589.05,125.13000000000002,304.06,70.94,144.575,34.675,31.776000000000003,131.64000000000001,23.676000000000002,6.003,26.84149999999999,4.353,23.312999999999995,4.407500000000001,12.9745,1.6375,10.430499999999999,1.4645000000000001,393.93732970027247,36.233019853709514,231.941605839416,185.1476793248945,102.49350649350649,75.47892720306513,87.7173202614379,75.05172413793103,42.05846774193548,0.1160126981469819,0.7275136909464113,9.118462915640903,0.1,0.7054,,,,,,,,,,,,,,
Faizuly,volcanogenic,395.0,Russia,,1.5,0.2625,,47.41875000000001,1.536875,33.525,1.28,2.4250000000000003,1.94875,0.17250000000000001,,0.10769230769230773,0.07692307692307693,11.698749999999999,,,,,,,,,,,,,,,,,,,,,,,,,,,,,,,,,,,,,,,,,,,,,,,,,,,-36.86875,,,,17.106249999999996,,,,,,
Forari,volcanogenic,1.0,New Hebrides,1.3,0.3,0.48,5,36.35,18.3744,12.396,16.922,0.8619999999999999,0.514,,,,1.05,,,4586.266094420601,,,,,,,,,,,,,,,,,,,,,,,,,,,,,,,,,,,,,,,,,,,,,,,,,,,,,,,,,,,
Gambatesa-Molinello,volcanogenic,146.0,Italy,,1.2,0.36,8,45.978238408842714,0.4770074062016765,44.94255153888476,0.8485787451984635,1.6472418798766106,0.23214315096668037,0.13469658219018835,0.107225473526039,,0.049775748566574636,,,1770.0,113.0,19.05,351.7,78.9,1.65,0.11024999999999999,3.6399999999999997,0.0,8.55,65.1,0.0,,0.11025,,,68.375,,1.72,5.0,,2.74,0.68,0.173,,0.09900990099009901,,,,,0.23,,4.686648501362398,5.2246603970741905,4.113467802431663,3.8537271448663857,2.943722943722944,1.9885057471264367,2.0470701838180902,1.7070672584499829,0.9274193548387097,1.1899338637936878,0.8100503569949173,5.053429688425542,1.1899338637936878,0.8100503569949173,5.053429688425542,,,,,,,,,,,,,
Gaoyan,sedimentary,660.0,China,,15,3.0795000000000003,,33.955555555555556,4.671333333333333,17.066666666666666,0.0,6.199999999999999,3.5237500000000006,0.0,0.0,0.27999999999999997,,,,,,,,,,,,,,,,,,,,,,,,,,,,,,,,,,,,,,,,,,,,,,,,,,,,,-4.9,,,,27.560000000000002,,,,,,
Gonzen,sedimentary,156.0,Switzerland,,0.5,0.1589938888888889,11,41.47666666666667,5.096666666666667,1.6966666666666665,1.07,11.326666666666668,2.8833333333333333,0.06666666666666667,0.0,0.02666666666666667,0.04666666666666667,31.01666666666667,33.333333333333336,18500.0,,14.5,41.666666666666664,14.333333333333334,,,134.33333333333334,6.666666666666667,,,,,,,,31.666666666666668,,31.0,,,,,,,,,,,,,,,,,,,,,,,,,,,,,,,-2.7337499999999997,,,,25.3025,,,,,,
Groote Eylandt,sedimentary,99.0,Australia,48,400,179.2,27,58.111309898989916,4.516481481481482,13.185170370370372,5.23837037037037,0.2965217391304347,0.13,0.2826086956521739,1.1691304347826086,0.05594086021505377,0.31917333333333325,3.3586956521739126,,5097.923026744946,,77.6,15.125,107.5,66.25,,253.0,63.25,,7.75,,5.25,,,,108.75,51.25,50.75,65.0,,67.0,16.6,4.45,21.625,,,,,,5.7250000000000005,,138.283378746594,67.92058516196448,106.62550046238844,94.23347398030943,71.86147186147186,51.14942528735632,70.66993464052288,,23.08467741935484,0.5593528901435747,0.7177535669761527,5.9902668871887,0.5593528901435747,0.7177535669761527,5.9902668871887,,,,,,,,,,,,,
Guichi,sedimentary,270.0,China,,,,1,20.7,0.56,6.52,0.46,33.3,2.92,0.08,0.03,0.15,0.01,34.2,,28.7,,1.0,35.5,20.1,1.19,2.5,129.0,17.0,3.0,1.15,2204.0,,,104.0,12.3,82.3,,13.5,9.4,1.92,6.05,1.26,0.29,2.09,0.31,1.69,0.41,0.96,0.14,1.14,0.12,36.78474114441417,9.822361546499478,13.861591115510794,8.509142053445851,5.454545454545454,3.3333333333333335,5.381152771928806,5.344827586206896,4.596774193548387,0.43498624263643465,0.6152644208764481,8.00229456474975,0.3656,0.432605197497647,0.5461186812727503,,,1.6666666666666667,1.0,,-8.166666666666666,22.48333333333333,-3.4,27.4,0.42,,,
Hawasina,volcanogenic,146.0,Oman,,0.5,0.14643333333333336,5,41.98,1.8671428571428572,46.99571428571429,0.8957142857142858,0.6785714285714287,0.27,0.21285714285714286,0.04857142857142858,0.10999999999999999,0.06285714285714286,2.764285714285714,,1504.0,,135.85714285714286,173.71428571428572,64.0,,19.428571428571427,160.14285714285714,7.142857142857143,12.428571428571429,1.5,398.57142857142856,17.714285714285715,16.142857142857142,305.42857142857144,26.285714285714285,58.42857142857143,43.142857142857146,77.92857142857143,,,,,,,,,,,,,,,,,,,,,,,,,,,,,,,,,,,,,,,,,
Huayuan,sedimentary,660.0,China,,1,0.1985,,31.494806999999998,2.4882,10.84473,1.3418999999999999,,,,,0.5318181818181819,,,,,,19.0,,15.0,,,25.0,,,,,,,,,,,,,,,,,,,,,,,,,,,,,,,,,,,,,,,,,,,,,,,,,,,,
Imini,karst/other,95.0,Morocco,7.5,10,10.0625,8,61.94306441744603,1.3464285714285713,7.742857142857143,2.0142857142857147,2.302857142857143,1.4625000000000001,0.2842857142857143,0.3971428571428572,0.18785714285714286,0.14846153846153848,11.691428571428572,42.107142857142854,26521.6,,26.928571428571427,195.85714285714286,891.0714285714286,,,59.857142857142854,20926.809316853672,2.5071428571428567,,497.2142857142857,,,1011.7857142857143,,189.42857142857142,5.360714285714286,12.0,36.0,,,,,,,,,,,,,,,,,,,,,,,,,,,,,,,,,,,,,,,,
Jiaodingshan,sedimentary,444.0,China,,4.846153846153846,1.26,5,45.82,3.275,14.968,1.932,6.602000000000001,3.022,0.48,0.1125,0.32599999999999996,0.055,22.62,,6021.8,,212.6,846.4,29.308,1.324,,331.4,145.06,,,,,,76.5,,102.872,,,,,,,,,,,,,,,,,,,,,,,,,,,,,,,,,-10.68,,,,21.105999999999998,,,,,,
Kalahari - Mamatwan,sedimentary,2250.0,South Africa,,7500,2550,36,39.566015532447004,9.474333333333336,4.618666666666667,0.14033333333333328,,,,,0.012884615384615385,0.030066666666666676,21.566999999999997,,516.26,,46.67307692307692,17.25,5.108333333333333,,,45.06666666666667,14.558333333333334,,,,,,14.18846153846154,6.472727272727273,35.679999999999986,8.083333333333336,13.975,5.8,0.6825000000000001,3.3124999999999996,0.4125,0.1575,0.73875,0.09000000000000001,0.7012499999999999,0.14,0.4575,0.057499999999999996,0.55,0.08,38.079019073569484,6.0606060606060606,4.981751824817517,4.6589310829817165,1.7857142857142856,1.810344827586207,2.41421568627451,0.7758620689655172,2.217741935483871,0.44002984689494096,0.8719012199188989,7.473173148377508,0.6322020666666668,1.2013376333333337,7.473173148377508,,,-8.8,,,,23.846,,,,,,
Kalahari - supergene,sedimentary,2250.0,South Africa,,400,160,,50.91428571428571,6.866428571428571,8.73,0.2842857142857143,,,,,0.14100000000000001,0.057857142857142864,17.9,,461.7692307692308,,44.84615384615385,15.423076923076923,,,,5.0,2.0,,,,,,15.384615384615385,,177.65384615384616,,10.3,10.95,2.2,10.4,2.35,,2.5,,2.3,,1.75,,,,28.065395095367847,11.442006269592476,16.058394160583937,14.627285513361464,10.173160173160174,,8.169934640522875,,9.274193548387096,0.5389711815314363,,3.0261817320222724,,,,,,-10.00625,,,,18.654249999999998,,,,,,
Kalahari - Wessels,sedimentary,2250.0,South Africa,,125,50,21,71.94810784223307,13.33455887359233,2.987619047619048,0.1819047619047619,5.332380952380952,0.46523809523809523,0.01761904761904762,0.015238095238095238,0.07857142857142858,0.06285714285714288,1.8838095238095238,20.238095238095237,2316.5714285714284,,13.19047619047619,154.4,259.42857142857144,36.42857142857143,25.142857142857142,105.61904761904762,85.52380952380952,,,1139.404761904762,,,,,383.3809523809524,,,,,,,,,,,,,,,,,,,,,,,,,,,,,,,,,,,,,,,,,,,
"Karadzhal (Karazhal, Karadjal) all oxide",volcanogenic,375.0,Kazakhstan,,360,71.568,18,25.930434782608693,16.527224999999998,21.822499999999998,3.66,13.389999999999999,0.82,0.57,0.415,0.101905,0.15,,113.0,7825.0,,29.391666666666666,20.429166666666667,155.0,,,,2700.0,,2.3666666666666667,845.4444444444443,1.0833333333333333,,,178.88888888888889,800.0,,11.7675,9.5725,,,1.8524999999999998,0.49437500000000006,,0.31237500000000007,,,,,0.6,,32.06403269754769,10.002612330198538,,,8.019480519480519,5.682471264367816,,5.385775862068965,2.4193548387096775,,,13.253133514986374,,,9.961533860570214,,,,,,,,,,,,,
Karwendel /Tennengebirge,sedimentary,161.0,Austria,,0.5,0.06187,5,20.46,9.963999999999999,25.1,3.572,10.459999999999999,2.38,1.478,0.16,0.192,0.6380000000000001,22.523999999999997,,527.6666666666666,,79.66666666666667,21.133333333333333,34.333333333333336,4.3,22.666666666666668,5.0,48.76666666666667,0.5333333333333333,6.5,472.3333333333333,2.3000000000000003,0.65,41.666666666666664,23.266666666666666,38.666666666666664,38.0,23.266666666666666,91.23333333333333,5.126666666666666,20.900000000000002,4.266666666666667,0.9633333333333334,4.34,0.65,3.783333333333333,0.7466666666666667,2.0500000000000003,0.2733333333333334,1.6600000000000001,0.2466666666666667,63.3969118982743,95.33263671194706,37.42092457420924,29.395218002812943,18.47041847041847,11.072796934865902,14.183006535947712,11.206896551724137,6.693548387096775,1.9572680024890314,0.6841239843295563,9.47134587395905,1.1942,0.7125,10.623,,,,,,,,,,0.068,,,
Krížna,sedimentary,180.0,Poland,0.5,,0.16,3,55.06666666666666,4.966666666666667,3.073333333333333,0.9633333333333334,13.6,0.9766666666666666,0.27666666666666667,0.08333333333333333,0.19333333333333336,0.015666666666666666,,38.96666666666667,1272.0,0.64,70.66666666666667,7.6,6.733333333333333,4.3,,105.46666666666665,30.366666666666664,,1.6733333333333331,565.3333333333334,0.9333333333333335,,17.799999999999997,18.966666666666665,24.166666666666668,,26.03333333333333,128.0,,20.333333333333332,3.723333333333333,0.9866666666666667,,0.5166666666666667,,,,,2.09,0.31,72.00272479564032,112.85266457680252,40.02194823509119,29.887482419127988,16.30952380952381,11.264367816091955,11.489352069347644,10.129310344827587,8.42741935483871,2.1022687707103667,0.8228836126621963,8.543863994889378,1.7261,0.8965,,,,,,,,,,,,,,
Kyzltash,volcanogenic,385.0,Russia,,1.5,0.2625,,37.68190476190476,4.6230769230769235,35.300000000000004,1.8299999999999998,13.27142857142857,0.7376923076923076,0.10769230769230766,0.15846153846153854,0.04384615384615386,0.06807692307692309,5.728461538461539,,,,,,,,,,,,,,,,,,,,,,,,,,,,,,,,,,,,,,,,,,,,,,,,,,,-15.963636363636367,-19.5125,,-13.033272727272726,17.672727272727272,-13.7935,16.9125,,,,
Laba (Labinsk),sedimentary,28.0,Russia,,30,3,24,32.92843526271083,3.8834836615935546,,,9.846547095656812,1.3921158027912863,,,0.04078044209450007,,39.61910430848032,,,,13.166666666666666,19.166666666666668,21.958333333333332,,,151.25,,,,,,,37.125,,53.0,,,,,,,,,,,,,,,,,,,,,,,,,,,,,,,,,,,,,,,,,,,
Lijiaying,volcanogenic,1400.0,China,,10,2.3,18,37.35,0.9750000000000001,18.266666666666666,0.9333333333333335,19.38333333333333,2.205,0.5283333333333333,0.5408333333333334,0.05833333333333334,0.03,14.498333333333335,,,,,,,,,,,,,,,,,,,,12.0,57.0,2.266666666666667,8.183333333333334,1.4383333333333332,0.14500000000000002,1.5833333333333337,0.245,1.6499999999999997,0.3333333333333333,0.9599999999999999,0.15,0.8350000000000001,,32.69754768392371,59.56112852664577,16.54501216545012,11.509610876699485,6.226551226551226,2.4137931034482762,5.174291938997821,4.224137931034482,6.653225806451612,2.5427022880990706,0.4513544418116239,4.955240472871503,2.1563,0.4342,,,,-0.5,,,,20.396,,,,,,
Lucifer,volcanogenic,3.6,Mexico,0.3,,0.12,,58.6893546619689,2.730045323570789,4.47,1.73,1.16,0.83,,0.6464957264957265,0.1146,,8.86,0.11,7703.02,490.0,2800.0000000000005,810.0,5900.0,240.0,784.2800000000001,1100.0,,,,,,,,,,,56.442857142857136,93.77142857142857,4.185714285714286,18.557142857142857,4.171428571428572,1.4000000000000001,3.357142857142857,0.4714285714285714,3.7428571428571424,0.7714285714285714,2.7714285714285714,0.5,2.6000000000000005,0.3285714285714286,153.7952510704554,97.98477384684281,30.552659019812303,26.100060277275468,18.05813234384663,16.09195402298851,10.971055088702148,8.12807881773399,10.483870967741938,1.429429120291291,1.143268320145924,14.669700871335744,1.429429120291291,1.143268320145924,,,,,,,,,,,,,,
Mangyshlak-carb,sedimentary,28.0,Kazakhstan,,30,2.6,24,25.651247857142856,2.8148999999999997,,,,,,,0.46107399999999993,0.16666666666666666,,,,,5.714285714285714,18.416666666666668,16.583333333333332,,,40.416666666666664,,,,,,,45.583333333333336,,,,,,,,,,,,,,,,,,,,,,,,,,,,,,,,,,,,,,,,,,,,,
Mangyshlak-ox,sedimentary,28.0,Kazakhstan,,,0.4,,39.823315624999985,3.4766874999999997,,,,,,,0.08795549999999998,,,,,,71.44444444444444,22.31578947368421,59.25,,,162.35,,,,,,,90.85,,,,,,,,,,,,,,,,,,,,,,,,,,,,,,,,,,,,,,,,,,,,,
Matese-Ciociaria,volcanogenic,11.0,Italy,0.08,,0.034171428571428575,,,,,,,,,,,,,,,,,,,,,,,,,,,,,,,,,,,,,,,,,,,,,,,,,,,,,,,,,,,,,,,,,,,,,,,,,
Minle,sedimentary,660.0,China,1,29,6,,,3.718,,,,,,,,,,,,,,,,,,,,,,,,,,,,,,,,,,,,,,,,,,,,,,,,,,,,,,,,,,,,-10.388888888888888,,,,25.461555555555556,,,,49.34285714285715,,
Moanda,sedimentary,2143.0,Gabon,,200,27,,17.4285,6.577999999999999,62.036667853328595,13.03787991104522,,10.114808720691075,4.095652173913043,1.8871683340582859,,0.2687279677213846,29.1,,,,345.0,,146.0,,,300.0,,,,,,,,,,,,,,,,,,,,,,,,,,,,,,,,,,0.55,1.05,9.066666666666666,0.55,1.05,,,,-16.1,,,,26.6,,,,,,
"Moanda, supergene",sedimentary,2143.0,Gabon,,,,,56.760000000000005,6.292,7.0,3.2,,,,,0.38930000000000003,0.41,,,,,,,,,,,,,,,,,,,,,,,,,,,,,,,,,,,,,,,,,,,,,,,,,,,,,,,,,,,,,,
Mokta (Grand Lahou),sedimentary,2050.0,Côte d'Ivoire,1.36,2,1.2936,10,66.03813051146385,2.167777777777778,6.177777777777777,4.193333333333333,0.28,0.12833333333333333,0.8077777777777778,0.24555555555555555,0.0,0.26,5.642222222222222,,1253.5947712418301,,1573.3333333333335,,,,,3540.0000000000005,,,,,,,,,,,,,,,,,,,,,,,,,,,,,,,,,,,,,,,,,,,,,,,,,,,,
Molango,sedimentary,156.0,Mexico,,200,46,18,36.359411764705875,8.468823529411766,11.370000000000001,2.69,5.15764705882353,8.51,0.0,0.022941176470588236,0.08,0.135,29.095294117647057,23.793333333333337,47.61764705882353,,138.214,15.142857142857142,,1.5,1.5,55.1764705882353,,,2.043066666666667,99.11250000000001,1.3111764705882354,1.0923529411764703,66.5,8.6,35.9375,,8.28941176470588,12.998235294117645,2.3499999999999996,6.629411764705883,1.3610000000000004,0.301764705882353,1.87,0.21282352941176472,1.485,0.30500000000000005,0.85,0.11,0.5758823529411765,0.08188235294117646,22.586953037345726,13.582273034605691,12.509459526233499,9.324067179614461,5.891774891774892,3.468559837728196,4.295030013544102,3.669371196754564,2.3221062618595827,0.8127451286946169,0.6948096431836743,9.767171542641432,0.8035,0.7867,,7.407777777777778,0.8044444444444445,0.8166666666666667,-8.20111111111111,,,,-3.6999999999999997,27.006,1.3356960000000002,1.5444444444444443,,
Mutun,sedimentary,700.0,Bolivia,,100,45,,63.21,10.582,2.3,1.4,,,,,0.1832,,,,3044.444444444445,,316.0,,,,,,,,4.42,,,1.74,,,,,16.5,27.4,,,4.79,0.91,,,,,,,8.59,1.13,,,,,,,,,,,,,,,,,,,,,,,,,,,,
Nikopol,sedimentary,28.0,Ukraine,,,,7,33.00020900030203,5.845714285714286,20.515,2.515,9.797142857142857,1.4514285714285715,0.9957142857142858,0.9257142857142856,0.025,0.14,20.81714285714286,,2094.0564285714286,,,129.0,,27.96,,121.6,13.8,,,1712.0,,,78.0,73.4,53.0,41.0,24.2,50.2,,17.8,3.2400000000000007,0.9199999999999999,,0.7000000000000001,,,,0.0,1.5000000000000002,0.23200000000000004,65.9400544959128,52.45559038662488,34.517548090619904,25.035161744022503,14.025974025974026,10.574712643678161,12.641210942738269,12.068965517241379,6.048387096774194,1.1189566895041605,0.7672890137974195,10.948236438218807,1.0457,0.8283,,,,,-9.970731707317073,,,,29.05853658536586,,,,,
Ningxiang,sedimentary,660.0,China,,,1,,29.697599999999998,3.6178999999999997,6.695069999999999,1.0961999999999998,,,,,,,,,,,1.0,,95.0,,,17.0,,,,,,,,,,,,,,,,,,,,,,,,,,,,,,,,,,,,,,,,,,,,,,,,,,,,
Nishikal,sedimentary,3200.0,India,,10,3,,,,,,,,,,,,,,,,145.0,,140.0,,,70.0,30.0,,,,,,,,80.0,,,,,,,,,,,,,,,,,,,,,,,,,,,,,,,,,,,,,,,,,,,
Noda-Tamagawa (originally rhodochrosite),sedimentary,190.0,Japan,0.8,,0.24,5,2.77,3.432,75.924,6.068,0.764,1.7380000000000002,1.24,0.506,0.166,0.27599999999999997,,25.2,551.2,,27.0,55.0,241.18,1.3599999999999999,2.54,37.81999999999999,6.600000000000001,44.8,11.65,81.2,4.34,2.1333333333333333,64.16,21.05,51.56,65.4,13.624999999999998,34.475,3.6,14.725000000000001,3.2500000000000004,1.1075,3.1725000000000003,0.54,3.3925,0.7074999999999999,2.1574999999999998,0.31,1.9775,0.31,37.12534059945504,36.024033437826546,26.27737226277372,20.71026722925457,14.069264069264067,12.729885057471265,10.367647058823529,9.310344827586206,10.29233870967742,1.1708456441166237,1.0021812833799337,4.828909714401939,1.1853,0.7611,,,,-14.678571428571429,,,,,,,0.83582,-32.8,,
Nsuta,sedimentary,2050.0,Ghana,63,,12,14,39.40071428571429,1.4582857142857146,9.301428571428572,2.4849999999999994,8.147142857142857,3.6128571428571425,0.31999999999999995,0.3092857142857143,0.14142857142857146,0.07071428571428572,,65.24685714285714,160.0,,37.69230769230769,87.6923076923077,27.692307692307693,,,196.92307692307693,,,,,,,194.6153846153846,,159.23076923076923,,3.02,7.97,0.9666666666666668,3.4633333333333334,1.0766666666666664,0.36000000000000004,1.5566666666666666,0.19333333333333333,1.12,0.22999999999999998,0.6833333333333332,0.09000000000000001,0.57,0.07333333333333335,8.228882833787466,8.32810867293626,7.0559610705596105,4.871073605250821,4.66089466089466,4.137931034482759,5.08714596949891,3.3333333333333326,2.2983870967741935,1.1734996647102507,0.8446681325645521,3.7110299469856556,,,,,,,-5.388888888888888,,-15.955555555555556,14.43333333333333,,,,,,
Obrochishte,sedimentary,28.0,Bulgaria,0.9,58,16.492,,30.43131883980081,1.8709582246438496,25.52610100296019,4.158525639387938,3.4232765692416676,7.159702033915068,0.46304201255488564,1.2106236603857516,0.48077887111231055,0.1654647726829014,26.454005461275717,,274.78676969069625,,17.87634274067528,54.88299539943034,18.589902585158722,5.844345438407762,0.2229341546735998,26.719453820742228,4.742629819747267,41.55388773610323,908.9181050827767,98.0605175611816,1.2863002991293346,3.336683631481796,864.866097406138,14.926426301838356,25.64854471470107,33.046627583525854,3.475,6.625,1.3250000000000002,,,,4.275,30.858310626702995,,,,,18.41692789968652,,25.364963503649633,9.317862165963433,5.735930735930736,,,,17.237903225806452,0.7063240238380958,,1.957177359425316,,,,,,,,,,,,,,,,,,
Ocakli,volcanogenic,85.0,Turkey,,0.5,0.25185,8,65.69813664596272,1.4831142857142858,,,,,,,0.24862857142857142,,,,2329.125,,19.25,,81.25,,,22.75,23.0,,,,,,,,30.625,,,,,,,,,,,,,,,,,,,,,,,,,,,,,,,,,,,,,,,,,,,
Otjozondu,sedimentary,800.0,Namibia,,,2,27,47.229292929292946,13.95222222222222,14.632962962962962,2.081851851851852,1.3040740740740742,0.4225925925925926,0.5277777777777778,0.1046296296296296,0.11833333333333335,0.152962962962963,1.7400000000000002,268.3333333333333,68957.8474074074,1.2333333333333332,214.16666666666666,13.851851851851851,220.4814814814815,14.11111111111111,4.672916666666667,34.888888888888886,4.25,26.0,4.0,416.9166666666667,5.544444444444445,3.061111111111111,138.20833333333334,32.083333333333336,80.96296296296296,85.23333333333333,52.23333333333333,163.0,9.903333333333334,39.833333333333336,7.963333333333334,1.9333333333333333,7.579999999999999,1.1666666666666667,6.84,1.3266666666666664,3.5500000000000003,0.48333333333333334,2.7866666666666666,0.39666666666666667,142.32515894641236,170.32392894461861,72.28710462287104,56.02437880918894,34.47330447330447,22.222222222222225,24.77124183006536,20.114942528735632,11.236559139784946,1.6647297184524241,0.762901449827626,13.969299660853297,,,,,,,,,,,,,1.6167441860465113,,12.950000000000001,
Parnok-carbonate,sedimentary,,Russia,,,,,,,,,,,,,,,,,,,,,,,,,,,,,,,,,,,,,,,,,,,,,,,,,,,,,,,,,,,,,,,,,,,,,,,,,,,,
Parnok-silicate-oxide,sedimentary,,Russia,,,,,,,,,,,,,,,,,,,,,,,,,,,,,,,,,,,,,,,,,,,,,,,,,,,,,,,,,,,,,,,,,,,,,,,,,,,,
Postmasburg,karst/other,2100.0,South Africa,20.689655172413794,15,10.35,16,55.33139969318182,17.020625,2.9250000000000003,10.01625,,,,,0.063875,0.24874999999999994,7.23125,,16700.0,,161.0,140.0,762.0,,,389.5,3.0,,,,2.0,,330.5,,366.0,73.5,,,,,,,,,,,,,,,,,,,,,,,,,,,,,,,,,,,,,,,,,,
San Francisco ( Autlan),volcanogenic,34.0,Mexico,4,,1.2266666666666668,,29.03333333333333,0.47666666666666674,21.033333333333335,1.2333333333333334,13.673333333333332,1.2166,,,,0.07111111111111111,,2766.6666666666665,16700.0,,,,1266.6666666666667,1333.3333333333333,,,1266.6666666666667,,,,,,533.3333333333334,,,,,,,,,,,,,,,,,,,,,,,,,,,,,,,,,,,,,,,,,,,,,
Sandur-Shimoga,sedimentary,2900.0,India,,,4,10,14.725,23.17383333333333,35.443333333333335,2.0500000000000003,11.023333333333333,1.2733333333333334,1.38,0.4566666666666667,,0.21666666666666665,,,33.965,,23.06833333333333,101.98833333333334,58.72166666666667,,2.0516666666666667,59.833333333333336,,32.53,5.7749999999999995,56.61333333333332,0.9266666666666667,0.52,201.5583333333333,9.671666666666669,50.083333333333336,50.37166666666667,22.396,9.456666666666667,0.9283333333333333,3.748333333333333,0.8983333333333331,0.26333333333333336,1.0083333333333333,0.25333333333333335,1.5133333333333334,0.3033333333333333,0.9400000000000001,0.12333333333333334,0.4083333333333334,0.11666666666666665,61.024523160762946,9.881574364332986,6.776155717761557,5.271917487107361,3.888888888888889,3.0268199233716477,3.29520697167756,0.0,1.646505376344086,0.7636312304097564,0.8446915803050752,26.36593036500444,0.6828,1.0115,,,,,,,,,,,,,,
Serra do Navio,sedimentary,2100.0,Brazil,,52,20.8,,46.006944000000004,4.0086,19.761200000000002,3.1508000000000003,4.7356,3.6628000000000003,0.13131578947368422,0.01868421052631579,0.05677739130434782,0.17526315789473684,16.611999999999995,0.15,1959.2631578947369,,249.26315789473685,75.94736842105263,61.1578947368421,,2.9473684210526314,609.0,19.789473684210527,6.052631578947368,5.157894736842105,81.36842105263158,1.8421052631578947,1.736842105263158,411.7368421052632,9.526315789473685,296.6842105263158,21.263157894736842,8.126315789473685,41.75263157894737,1.6473684210526316,7.652631578947369,1.8368421052631583,0.3894736842105263,1.3473684210526315,0.2526315789473685,1.3315789473684214,0.6736842105263158,0.7578947368421053,0.20526315789473687,0.7315789473684211,0.24736842105263163,22.142549835078157,43.62866413683111,12.02458701498271,10.76319490709897,7.951697425381637,4.476709013914097,4.403164774681803,4.355716878402904,5.369269949066213,2.7459185372808355,0.9049719457292065,4.0966811492326975,2.9781,0.9504,,,,,-6.728571428571429,,,,-15.028571428571427,15.380571428571427,0.402,,,
Songtao,sedimentary,660.0,China,,,2,,24.803952,4.1613,17.15478,4.8384,,,,,,,,,,,49.0,,66.0,,,41.0,,,,,,,,,,,49.01,123.76,,27.07,,,,,,,,,,,133.54223433242507,129.32079414838037,57.84759608433099,38.07313642756681,,,,,,1.4713513285266244,,,,,,,,,,,,,,,,,,
Spława,sedimentary,94.0,Poland,,1,0.28,2,10.442499999999999,12.76,47.735,6.085,0.0,0.0,0.0,0.0,0.28500000000000003,0.20900000000000002,18.025,8.75,7577.0,,379.0,23.0,2320.0,5.5,4.0,218.5,122.5,55.0,8.5,296.0,4.8,1.2000000000000002,132.0,39.5,192.0,33.0,32.85,64.4,6.44,19.5,25.15,1.275,5.6,0.85,5.2,1.1,3.6,0.5700000000000001,3.8,0.61,89.50953678474114,67.29362591431557,47.00729927007299,27.426160337552744,108.87445887445887,14.655172413793103,18.30065359477124,14.655172413793101,15.32258064516129,1.0689493167564095,0.3226798741220238,5.876358206686591,1.0374247974139044,0.32831794980863316,5.841675032267317,,,,,,,,,,,,,
Tambao,sedimentary,2050.0,Burkina Fasso,,,6.2,2,31.242528735632185,3.8,30.0,17.81,1.63,0.54,0.07,0.38,,,8.9,,,,,,,,,,,,,,,,,,,,,,,,,,,,,,,,,,,,,,,,,,,,,,,,,,,,,,,,,,,,,
Tangganshan,sedimentary,660.0,China,,5,1.035,7,42.645,5.1375,12.38,3.2566666666666664,3.1666666666666665,1.8533333333333333,0.7266666666666667,0.07333333333333333,0.2625,0.30333333333333334,25.866666666666664,72.2,132.03333333333333,,,,49.5,34.666666666666664,24.666666666666668,66.33333333333333,65.33333333333333,19.433333333333334,,60.833333333333336,5.833333333333333,1.4000000000000001,144.33333333333334,36.6,20.018022779562205,50.95151427013186,32.63333333333333,93.39999999999999,7.75,31.599999999999998,6.866666666666667,2.0633333333333335,6.803333333333334,1.1066666666666667,7.460000000000001,1.4266666666666665,4.266666666666667,0.5700000000000001,3.466666666666667,0.48,88.91916439600364,97.59665621734587,56.569343065693424,44.44444444444445,29.725829725829726,23.716475095785444,22.233115468409583,19.08045977011494,13.978494623655914,1.3770954641189375,0.9166067163502172,6.459841702348515,1.5251,0.984,,8.107333333333331,3.2358125,,,,,2.2325555555555554,27.210000000000004,,2.90425,34.666666666666664,,
Taojiang,sedimentary,468.0,China,,6,1.5692900000000003,2,32.71205714285714,3.1522428571428565,7.89,0.5700000000000001,19.955,1.7999999999999998,0.245,0.015,0.05,0.02,33.335,,434.0,,107.0,,80.6,,,127.71428571428571,14.5,8.95,,1172.0,0.7,,18.5,10.45,117.5,2.6,17.325,33.3,2.7025,11.375,2.3449999999999998,0.695,2.1725000000000003,0.34500000000000003,2.1,0.4075,1.045,0.14250000000000002,0.8975,0.14250000000000002,47.20708446866485,34.79623824451411,19.726277372262775,15.9985935302391,10.15151515151515,7.988505747126437,7.09967320261438,5.948275862068965,3.618951612903226,1.1341346370166425,0.993608651701903,12.91730658079432,1.1341346370166425,0.993608651701903,12.91730658079432,,0.31333333333333335,,-14.100000000000001,,,,-9.55,21.156,0.183812,7.539999999999999,,
Tennengebirge,sedimentary,180.0,Austria,,0.5,0.07986111111111112,,16.139999999999997,10.436666666666666,18.839999999999996,4.098000000000001,,,,,0.6363636363636362,0.21000000000000002,27.2,,258.0,,66.33333333333333,30.666666666666668,37.0,,4.933333333333333,30.333333333333332,5.333333333333333,,7.1000000000000005,,,3.6666666666666665,48.666666666666664,25.333333333333332,50.333333333333336,45.333333333333336,35.0,113.60000000000001,8.5325,34.925,7.1525,1.62,7.0275,0.65,6.0375000000000005,1.13,3.0275,0.3925,2.3600000000000003,0.3275,95.36784741144415,118.70428422152561,62.28102189781022,49.12095639943741,30.96320346320346,18.620689655172416,22.965686274509803,11.206896551724137,9.516129032258066,1.5402369529345654,0.6982856298926372,10.021705999168706,1.8783,0.7543,9.3293,,,,,,,,,,0.03666666666666667,,,
Tiantaishan,sedimentary,525.0,China,0.003,8.3,1.49454,8,36.8125,2.5081249999999997,6.3925,0.46875,10.8225,5.5424999999999995,0.0375,,1.7112500000000002,,34.552975887044546,48.3,120.625,1.866666666666667,19.125,6.925,16.375,13.37142857142857,,53.75,18.0,,,143.125,23.0,,58.1875,23.625,32.0,,9.587499999999999,19.125,2.0375,8.6375,1.695,0.375,1.75,0.25,1.5012500000000002,0.34875,0.99625,0.13374999999999998,0.75625,,26.123978201634877,19.98432601880878,14.872262773722625,12.148382559774966,7.337662337662337,4.310344827586206,5.718954248366013,4.310344827586206,3.049395161290323,1.0060193540186377,0.6413766216136416,8.215277349305579,0.9996,0.6383,7.8001,,,-7.475,-6.90625,,-12.725,17.980999999999998,-12.40625,18.299749999999996,,,,
Tiouine,volcanogenic,700.0,Morocco,0.9,0.6,0.645,,32.995636363636365,,28.25,5.8401,,,,,,,,,15300.0,,21.0,,7000.0,,,,13500.0,,,,,,,,105.0,,,,,,,,,,,,,,,,,,,,,,,,,,,,,,,,,,,,,,,,,,,
Tokoro,volcanogenic,125.0,Japan,,0.5,0.17832666666666663,6,46.495999999999995,0.562,40.018,0.638,1.7120000000000002,0.08800000000000001,0.4640000000000001,0.066,0.08399999999999999,0.032,,,36549.4,,83.4,12.6,456.2,,4.2,196.6,40.0,3.6,,230.0,21.6,,291.2,13.666666666666666,313.2,31.0,7.625,8.0,,24.0,2.325,1.0374999999999999,,1.6375,,,,,1.625,0.25,20.776566757493185,8.359456635318704,26.669149081506355,33.755274261603375,10.064935064935064,11.925287356321839,18.32816265802535,28.23275862068965,6.55241935483871,0.38859438860160755,2.6673501052469106,3.237965485921889,0.38859438860160755,2.6673501052469106,3.1708237266820367,,,,,,,,,,,,,
Ulukent-Gökçeovacik,sedimentary,94.0,Turkey,1,20,5.25,7,63.78571428571428,3.7171428571428575,,2.494285714285714,,,,,0.18285714285714283,0.10142857142857142,,,533.7142857142857,,11.142857142857142,,,,,5.714285714285714,61.714285714285715,,,,,,,,39.285714285714285,,,,,,,,,,,,,,,,,,,,,,,,,,,,,,,,,-12.2,,,,26.206,,,,,,
Um Bogma,karst/other,336.0,Egypt,13.86,1.1,2.851276266666667,11,41.16826666666667,27.569555555555553,10.094,3.7879999999999994,,,,,0.916,0.16999999999999998,10.040000000000001,408.0,5534.777777777777,,207.88888888888889,114.75,823.0,7.839999999999999,11.32,273.55555555555554,385.3333333333333,8.280000000000001,,641.25,7.340000000000001,352.6,251.5,,1406.625,,,,,,,,,,,,,,,,,,,,,,,,,,,,,,,,,,,,,,,,,,,
Úrkút-carbonate,sedimentary,183.0,Hungary,,302.63157894736844,46,56,28.988795859352145,9.643688636363633,18.571418333333334,3.102437837837838,4.894566216216217,2.8376509090909092,1.410766129032258,0.3078311111111111,1.00863,0.2717333333333334,,39.0,350.0285517715858,,250.2758064516129,25.5,51.58620689655172,4.428571428571429,,23.34333333333333,31.55,,2.6,149.22222222222223,3.1,1.0,44.42857142857143,,105.67857142857143,,53.333333333333336,154.66666666666666,,38.333333333333336,12.0,1.5,,1.7666666666666668,,,,0.7999999999999999,3.1,0.5,145.32243415077204,161.6161616161616,75.03240686516054,53.91467416783873,51.94805194805195,17.24137931034483,36.392132322724436,30.45977011494253,12.5,1.5477257826224815,0.3965369135164784,11.625794732061763,1.5573,0.3175,10.912,,0.33375,,-14.65217391304348,,,,0.6157391304347832,31.321739130434786,0.4699999999999999,15.68478260869565,,
Úrkút-oxide,sedimentary,184.0,Hungary,,,4.69,,30.74,30.528,15.91,3.07,,,,,0.33,0.26,13.39,,1428.7333333333333,,188.25714285714284,20.2,26.928571428571427,,,136.39999999999998,45.2,,3.099999999999999,,,3.12,,,111.2,4.0,27.957142857142856,87.64285714285714,,11.333333333333334,12.085714285714285,1.4528571428571426,,2.0857142857142854,,,,0.9857142857142858,2.7571428571428567,0.43571428571428567,66.70118835149864,209.07739066757495,56.9978881493574,26.57101479174776,28.843588896457767,3.4747714577656676,4.7780264793682745,4.9800020435967305,6.604569482288829,3.610555834630299,0.279400097862011,10.56506049236036,4.1933,0.303,11.725,,,,,,,,,,,,,
Urucum,sedimentary,700.0,Brazil,,608,186.65599999999998,9,51.15602,20.163174999999995,9.645764999999999,1.6581125,0.09766666666666668,,,,0.09142857142857143,0.14766666666666667,7.85,,3449.375,,362.6666666666667,17.333333333333332,39.625,,7.0,67.0,,,2.6033333333333335,,,,,23.0,43.0,121.33333333333333,16.586666666666666,23.566666666666666,,15.466666666666669,2.8699999999999997,0.6016666666666666,,0.4643333333333333,,,,,1.937,,45.1952770208901,24.62556600487635,27.462466469394375,21.75339896858884,12.424242424242422,6.9157088122605375,9.210799705057966,8.00574712643678,7.810483870967743,0.7836058082783102,0.6494571653734583,6.346813786030984,0.9468,0.5815,2.1161,,,,,,,,,,,,,
"Usa (Belaya Usa, Usinsk)",sedimentary,550.0,Russia,,28.2,8.436741714285715,33,33.82520413436693,5.615900000000001,12.411000000000001,1.4739999999999998,11.508,4.156999999999999,0.184,0.077,0.211,0.06900000000000002,29.168,,1218.56,,,1071.9298245614034,,,,707.2289156626506,,,,,,,,,,,,,,,,,,,,,,,,,,,,,,,,,,,,,,,,,,-3.3833333333333324,-11.83,,-9.667111111111112,21.038888888888895,-9.636000000000001,21.07,,,,
Vani,volcanogenic,1.0,Greece,,2.1,0.3024,88,38.911688311688316,2.358311688311688,18.68375,6.687272727272728,0.7271428571428572,0.5637662337662336,5.102987012987012,1.9407792207792212,0.03571428571428571,0.1522987012987012,12.55,1309.4285714285713,17770.666666666668,23.25,9.75,,619.5467532467533,12.274999999999999,7.208955223880598,0.5625,850.193636363636,,3.0125,1244.9138961038961,3.5880597014925373,4.6462686567164155,47.0,17.476,409.9753246753246,32.152777777777786,18.525000000000002,25.440277777777776,3.215277777777779,12.270833333333336,2.641666666666668,3.6981944444444466,3.487500000000001,0.3716666666666668,2.9472222222222224,0.5358571428571429,2.0166666666666675,0.2773584905660377,2.059722222222223,0.3865714285714285,50.47683923705721,26.583362359224434,23.469180859691807,17.25855602437881,11.435786435786433,,11.397058823529417,5.915119363395221,8.305331541218642,0.7913889966853932,,7.600894974002878,0.7201,,,,,,,,,,,,,,,
Wafangzi (Wafangtzu) - carbonate,sedimentary,1120.0,China,,37.7,8.143200000000002,13,40.03626917,9.624500000000001,11.762500000000001,2.11375,3.19375,3.2637500000000004,0.0275,0.06875,0.09964469999999999,0.0325,28.9,,13.87125,,221.625,168.625,20.925,,5.0,51.625,88.75,6.2,11.25,12.014999999999999,3.5375,,39.0,29.0,132.625,13.9375,17.833333333333332,36.166666666666664,4.3500000000000005,17.5,3.9333333333333336,0.7283333333333334,3.983333333333334,0.6283333333333333,3.8666666666666667,0.7716666666666668,2.0500000000000003,0.3033333333333333,1.8349999999999997,0.25000000000000006,48.59218891916439,37.791710205503314,31.75182481751825,24.61322081575246,17.027417027417027,8.371647509578544,13.017429193899785,10.833333333333334,7.399193548387096,0.9603256350133368,0.5508694604346956,8.317684213401872,0.7855,0.5117,,,,-6.5,,,,23.466,,,,,,
Wafangzi (Wafangtzu) - oxide,sedimentary,1120.0,China,,,,,42.312287104,21.4986,14.623999999999999,2.0,3.4159999999999995,2.2039999999999997,0.11599999999999999,0.308,0.05299103999999999,0.048,9.436000000000002,,315.6,,66.6,105.4,36.31999999999999,,7.0,26.8,55.4,5.133333333333333,14.6,158.2,4.14,,21.8,26.333333333333332,61.9,15.64,24.333333333333332,44.666666666666664,5.2,21.0,4.7,0.7666666666666666,4.3999999999999995,0.6966666666666667,3.9333333333333336,0.7766666666666667,1.9000000000000001,0.26,1.2133333333333332,0.16,66.30336058128974,46.67363288052943,37.956204379562045,29.535864978902953,20.346320346320343,8.812260536398469,14.37908496732026,12.011494252873563,4.892473118279571,0.9325104799194275,0.5150689326580128,14.898663552614506,0.9207,0.5308,,,,,,,,,,,,,,
Waziristan,volcanogenic,150.0,Pakistan,,0.5,0.17587333333333338,,45.88,2.96,43.69,0.73,,,,,0.2481143310837634,0.32,3.28,,415.0,,11.0,46.0,72.0,2.0,,36.0,49.0,,2.0,,,2.0,144.0,,64.0,,46.2,3.84,,65.67,12.79,3.9,5.99,,7.07,,4.02,,3.95,1.14,125.88555858310627,4.012539184952978,102.40557036889318,92.36286919831224,55.36796536796536,44.827586206896555,19.575163398692812,,15.92741935483871,0.03534024374371746,1.3616433649574005,7.903700893319077,0.03534024374371746,1.3616433649574005,,,,,,,,,,,,,,
White Oak Mtn,karst/other,345.0,USA,,,,3,45.14708812260536,0.5499999999999999,2.56,22.099999999999998,0.050666666666666665,0.05000000000000001,0.15333333333333332,0.08333333333333333,0.06733333333333334,0.001,14.643333333333333,,2149.0196078431372,,15130.222222222224,,1913.9240506329115,,,11170.666666666666,,,,,,,,,,,,,,,,,,,,,,,,,,,,,,,,,,,,,,,,,,,,,,,,,,,,
Woodie Woodie,sedimentary,2764.0,Australia,,19.4,8.555399999999999,7,61.07505,5.684724999999999,12.189782986111112,1.646875,0.521875,1.0225,1.551875,0.25625000000000003,0.09687499999999999,0.035,2.545,101.4210606060606,6311.200000000001,,262.06806408544725,77.16499999999999,694.45,20.85,,130.6065997322624,426.39854260089686,13.57,,552.0677220077221,,3.79,100.54,19.38,461.97788697788707,,16.02,24.9,3.78,15.19,3.1,0.69,2.84,0.45,2.65,0.53,1.39,0.18,1.04,0.15,43.65122615803815,26.018808777429467,27.591240875912405,21.364275668073137,13.419913419913419,7.931034482758621,9.281045751633986,7.758620689655173,4.193548387096774,0.7497277212670067,0.7106512501457944,10.409138545378328,0.0,0.0,0.01576154788288814,0.01576154788288814,0.03673845211711187,,,,,,,,0.023,,,
Xialei,sedimentary,367.0,China,,131.5,31.005,,31.044760264140102,17.520555555555557,19.22888888888889,1.6177777777777775,4.968333333333333,3.253333333333334,0.6859999999999999,0.772,0.33,0.05500000000000001,22.39,,,,,,,,,492.7877947295422,,,,,,,,,,,,,,,,,,,,,,,,,,,,,,,,,,,,,,,,,0.20400000000000001,,-7.040000000000001,,,,-6.753333333333334,23.913333333333334,,10.75,,
Xiangtan,sedimentary,660.0,China,,10,2.1,12,39.33833333333333,3.57653791130186,21.481666666666666,4.773333333333333,,,,,0.32954545454545453,0.32,25.578333333333333,,3737.1666666666665,,,,31.0,17.833333333333332,15.5,40.333333333333336,19.0,,,,,6.72,84.66666666666667,41.15,121.2296423214378,66.17190053192209,35.86666666666667,99.13333333333333,9.03,37.199999999999996,7.866666666666667,1.415,7.413333333333333,1.2066666666666668,7.791666666666667,1.5816666666666668,4.538333333333333,0.6616666666666666,3.8833333333333333,0.5433333333333333,97.72933696639419,103.58760013932428,65.91240875912408,52.32067510548523,34.05483405483405,16.264367816091955,24.226579520697168,20.804597701149426,15.658602150537634,1.290659563961537,0.5662415735966372,6.241255510986891,1.4965,0.5989,,,,,,,,,,,,,,
Ansongo (Takavasita),volcanogenic,2100.0,Mali,,8.5,4,,47.1,3.5749999999999997,3.5,,,,,,0.2977,,,,,,,,,,,,,,,,,,,,,,,,,,,,,,,,,,,,,,,,,,,,,,,,,,,,,,,,,,,,,,,
Batesville,sedimentary,455.0,USA,0.14,,0.03756666666666667,,,,,,,,,,,,,,,,,,,,,,,,,,,,,,,,,,,,,,,,,,,,,,,,,,,,,,,,,,,,,,,,,,,,,,,,,
"Bonai district, other",sedimentary,3200.0,India,,,8.2,,,,,,,,,,,,,,,,,,,,,,,,,,,,,,,,,,,,,,,,,,,,,,,,,,,,,,,,,,,,,,,,,,,,,,,,,
Bou Arfa,karst/other,195.0,Morocco,2,,0.86,,,,,,,,,,,,,,,,,,,,,,,,,,,,,,,,,,,,,,,,,,,,,,,,,,,,,,,,,,,,,,,,,,,,,,,,,
Coquimbo,volcanogenic,99.0,Chile,,,0.137,,,,,,,,,,,,,,5000.0,,15.0,,15300.0,,,10.0,150.0,,,,,,,,,,,,,,,,,,,,,,,,,,,,,,,,,,,,,,,,,,,,,,,,,,,
East Syan (Nizhneudinsk),sedimentary,700.0,Russia,,50,7.5,,34.80068965517241,7.18,45.5,2.8,,,,,0.687,,4.25,,18714.37908496732,,865.3333333333333,3441.176470588235,,,,,,,,,,,,,,,,,,,,,,,,,,,,,,,,,,,,,,,,,,,,,,,,,,,,,,,,
Eastern Cuba,volcanogenic,48.0,Cuba,,,2.8600000000000003,,,,,,,,,,,,,,,,,,,,,,,,,,,,,,,,,,,,,,,,,,,,,,,,,,,,,,,,,,,,,,,,,,,,,,,,,
En Kafala,volcanogenic,1.0,Afar,,,0.08,,55.386024,0.52052,2.5942516666666666,0.7717499999999999,2.4835828343313375,0.3053787878787879,0.44369565217391305,1.9231143975641585,0.106196,0.10115591397849462,0.0,,31200.0,,5.0,4.4,9.166666666666666,,,7.5,,,2.8333333333333335,,0.85,3.233333333333333,,,,,,,,,,,,,,,,,,,,,,,,,,,,,,,,,,,,,,,,,,,,,,
Falotta,volcanogenic,146.0,Switzerland,,0.5,0,,,,,,,,,,,,,,,,,,,,,,,,,,,,,,,,,,,,,,,,,,,,,,,,,,,,,,,,,,,,,,,,,,,,,,,,,
Gangpur,sedimentary,3200.0,India,,,0.5,,,,,,,,,,,,,,,,,,,,,,,,,,,,,,,,,,,,,,,,,,,,,,,,,,,,,,,,,,,,,,,,,,,,,,,,,
Gucheng,sedimentary,700.0,China,,,0.5,,24.274559999999997,3.5035000000000003,,,,,,,1.5954545454545455,,,,,,,,,,,,,,,,,,,,,,,,,,,,,,,,,,,,,,,,,,,,,,,,,,,,,,,,,,,,,,,
Harlech Dome,sedimentary,520.0,United Kingdom,,,0.08,5,28.22,5.598000000000001,21.526,10.076,8.986,3.344,1.1575,0.6033333333333334,0.42500000000000004,0.13999999999999999,20.714000000000002,,1164.0522875816994,,,,,,,,,,,,,,,,,,,,,,,,,,,,,,,,,,,,,,,,,,,,,,,,,,,,,,,,,,,
Jiangkou,sedimentary,600.0,China,,1,0.16390000000000002,,21.175679999999996,4.718999999999999,,,,,,,0.35,,,,,,,,,,,,,,,,,,,,,,,,,,,,,,,,,,,,,,,,,,,,,,,,,,,,,,,,,,,,,,,
Kampumba-Mansa-Chiwefwe,volcanogenic,1600.0,Zambia,0.5,,0.125,,,,,,,,,,,,,,,,,,,,,,,,,,,,,,,,,,,,,,,,,,,,,,,,,,,,,,,,,,,,,,,,,,,,,,,,,
Kato Nevrokopi,karst/other,,Greece,7,7,5.366666666666667,,61.1,1.47,,0.5,,,,,0.04,,,,2200.0,,,,1659.0,,,,9970.0,,,,,,,,,,,,,,,,,,,,,,,,,,,,,,,,,,,,,,,,,,,,,,,,,,,
Kisenge-Kamata-Kapolo,sedimentary,2201.0,DRC,,,12,,,,,,,,,,,,,,,,,,,,,,,,,,,,,,,,,,,,,,,,,,,,,,,,,,,,,,,,,,,,,,,,,,,,,,,,,
Kisovece,sedimentary,28.0,Czechoslovakia,,,0.5,,,,,,,,,,,,,,,,,,,,,,,,,,,,,,,,,,,,,,,,,,,,,,,,,,,,,,,,,,,,,,,,,,,,,,,,,
Langban,volcanogenic,1800.0,Sweden,,0.5,0.125,,,,,,,,,,,,,,,,,,,,,,,,,,,,,,,,,,,,,,,,,,,,,,,,,,,,,,,,,,,,,,,,,,,,,,,,,
Magnitogorsk,volcanogenic,370.0,Russia,,,0.6,,45.15,4.5,,,,,,,,,,,,,,,,,,,,,,,,,,,,,,,,,,,,,,,,,,,,,,,,,,,,,,,,,,,,,,,,,,,,,,
Maliuba,sedimentary,600.0,China,,1,0.145,,18.7224,0.7865,,,,,,,4.659090909090908,,,,,,,,,,,,,,,,,,,,,,,,,,,,,,,,,,,,,,,,,,,,,,,,,,,,,,,,,,,,,,,
Marau,volcanogenic,2700.0,Brazil,,6,2.28,,,,4.5,11.0,,,,,,,,,,,,,,,,,,,,,,,,,,,,,,,,,,,,,,,,,,,,,,,,,,,,,,,,,,,,,,,,,,,,
Maripa,volcanogenic,2100.0,Suriname,,,2.2,,27.15954022988506,5.74,36.38,7.89,,,,,,,,,,,,,,,,,,,,,,,,,,,,,,,,,,,,,,,,,,,,,,,,,,,,,,,,,,,,,,,,,,,,
Matthews Ridge,volcanogenic,2700.0,Guyana,3,10,5.2,,,,,,,,,,,,,,,,,,,,,,,,,,,,,,,,,,,,,,,,,,,,,,,,,,,,,,,,,,,,,,,,,,,,,,,,,
Morro da Mina,sedimentary,2700.0,Brazil,,3,0.75,"Horen, A., 1953, The manganese mineralization at the Merid Mine, Minas Gerais, Brazil, Unpublished Ph.D. Thesis, Harvard University, 224 p. ",,,,,,,,,,,,,,,,,,,,,,,,,,,,,,,,,,,,,,,,,,,,,,,,,,,,,,,,,,,,,,,,,,,,,,,,
Nagpur-Bhandara,sedimentary,910.0,India,,100,44,,,8.866,,,,,,,,,,,,,,,,,,,,,,,,,,,,,,,,,,,,,,,,,,,,,,,,,,,,,,,,,,,,,,,,,,,,,,
North Kanara,volcanogenic,2900.0,India,,,2.1,,,,,,,,,,,,,,,,,,,,,,,,,,,,,,,,,,,,4.79,0.91,,,,,,,8.59,1.13,,,,,,,,,,,,,,,,,,,,,,,,,,,,
Oldakit,sedimentary,530.0,Russia,,10,1.03,,18.060000000000002,9.295,,,,,,,0.19465000000000002,,,,,,,,,,,,,,,,,,,,,,,,,,,,,,,,,,,,,,,,,,,,,,,,,,,,,,,,,,,,,,,
Olympic Peninsula,volcanogenic,40.0,USA,,,0.013,,,,,,,,,,,,,,,,,,,,,,,,,,,,,,,,,,,,,,,,,,,,,,,,,,,,,,,,,,,,,,,,,,,,,,,,,
Panch Mahals,sedimentary,2100.0,India,,,0.73,,,,,,,,,,,,,,,,,,,,,,,,,,,,,,,,,,,,,,,,,,,,,,,,,,,,,,,,,,,,,,,,,,,,,,,,,
Perstentevskii,volcanogenic,370.0,Khazakstan,,115,31.855,,,,,,,,,,,,,,,,,,,,,,,,,,,,,,,,,,,,,,,,,,,,,,,,,,,,,,,,,,,,,,,,,,,,,,,,,
Polunochnoe (Polunochnoye),sedimentary,60.0,Russia,,50,10.6,,27.367272727272727,7.007000000000001,,,,,,,0.4545454545454546,,,,,,,,,,,,,,,,,,,,,,,,,,,,,,,,,,,,,,,,,,,,,,,,,,,,,,,,,,,,,,,
Quinquinhe,sedimentary,900.0,Angola,,,2,,,,,,,,,,,,,,,,,,,,,,,,,,,,,,,,,,,,,,,,,,,,,,,,,,,,,,,,,,,,,,,,,,,,,,,,,
Ravensthorpe,volcanogenic,2764.0,Australia,,,0.12,,,,,,,,,,,,,,,,,,,,,,,,,,,,,,,,,,,,,,,,,,,,,,,,,,,,,,,,,,,,,,,,,,,,,,,,,
Sagan-Zaba,sedimentary,2700.0,Russia,,1,0.06,,8.6043,3.2889999999999997,7.8,1.25,,,,,0.229,,34.1,,,,,,,,,,,,,,,,,,,,,,,,,,,,,,,,,,,,,,,,,,,,,,,,,,,,,,,,,,,,,
Soloviejo,volcanogenic,335.0,Spain,0.175,,0.06125,,,,,,,,,,,,,,,,,,,,,,,,,,,,,,,,,,,,,,,,,,,,,,,,,,,,,,,,,,,,,,,,,,,,,,,,,
Takhta-Karacha,sedimentary,421.0,Uzbekistan,,0.8,0.172,,20.64,22.8,,0.45,,,,,,,,,,,,,,,,,,,,,,,,,,,,,,,,,,,,,,,,,,,,,,,,,,,,,,,,,,,,,,,,,,,,
Tanncherfi-Narguechoum,volcanogenic,256.0,Morocco,0.15,,0.06899999999999999,,,,,,,,,,,,,,,,,,,,,,,,,,,,,,,,,,,,,,,,,,,,,,,,,,,,,,,,,,,,,,,,,,,,,,,,,
Tiere,sedimentary,2300.0,Burkina Fasso,,,4,,,,,,,,,,,,,,,,,,,,,,,,,,,,,,,,,,,,,,,,,,,,,,,,,,,,,,,,,,,,,,,,,,,,,,,,,
Tiharatine,karst/other,195.0,Morocco,0.13,,0.065,,,,,,,,,,,,,,,,,,,,,,,,,,,,,,,,,,,,,,,,,,,,,,,,,,,,,,,,,,,,,,,,,,,,,,,,,
Timna,karst/other,501.0,Israel,,,3,,,,,,,,,,,,,,,,,,,,,,,,,,,,,,,,,,,,,,,,,,,,,,,,,,,,,,,,,,,,,,,,,,,,,,,,,
Uda River,volcanogenic,530.0,,,,43,,,,,,,,,,,,,,,,,,,,,,,,,,,,,,,,,,,,,,,,,,,,,,,,,,,,,,,,,,,,,,,,,,,,,,,,,
Ultevis,volcanogenic,1500.0,Sweden,,,5,,,,,,,,,,,,,,,,,,,,,,,,,,,,,,,,,,,,,,,,,,,,,,,,,,,,,,,,,,,,,,,,,,,,,,,,,
Ulu-Telyak (Teliak),sedimentary,258.0,Russia,,9,0.9,,12.9,,8.0,,,,,,,,,,,,,,,,,,,,,,,,,,,,,,,,,,,,,,,,,,,,,,,,,,,,,,,,,,,,,,,,,,,,,
Urandi,sedimentary,3265.0,Brazil,,,0.48,,,,,,,,,,,,,,,,,,,,,,,,,,,,,,,,,,,,,,,,,,,,,,,,,,,,,,,,,,,,,,,,,,,,,,,,,
Ushkatyn III,volcanogenic,370.0,Kazakhstan,,76.9,17.2256,,,,,,,,,,,,,,,,,,,,,,,,,,,,,,,,,,,,,,,,,,,,,,,,,,,,,,,,,,,,,,,,,,,,,,,,,
Xinrong,karst/other,381.0,China,,0.1,0.05,,23.0,20.0,6.0,,,,,,0.05,,,,,,,,,,,,,,,,,,,,,,,,,,,,,,,,,,,,,,,,,,,,,,,,,,,,,,,,,,,,,,,
Derbent,volcanogenic,94.0,Turkey,,,,28,46.13011764705882,0.2837058823529412,36.76920588235294,0.4232058823529412,0.5376470588235294,0.11970588235294119,0.1174411764705882,0.03394117647058824,0.06744117647058824,0.016882352941176473,8.718529411764706,59.955882352941174,3095.6852941176467,,116.38499999999999,,147.4914705882353,45.105000000000004,0.20058823529411768,85.14764705882352,3.7997058823529413,2.225588235294118,,474.98823529411766,0.32470588235294123,4.024117647058824,131.8029411764706,4.673235294117648,65.93529411764706,6.16764705882353,3.3500000000000005,5.55,0.7950000000000002,3.1499999999999995,0.608,0.132,0.633,0.11000000000000001,0.6529999999999999,0.14200000000000002,0.43,0.073,0.483,0.083,9.12806539509537,5.799373040752351,5.802919708029198,4.430379746835443,2.6320346320346317,1.517241379310345,2.0686274509803924,1.8965517241379313,1.9475806451612903,0.7968349844344612,0.6502310993064899,4.686874157316049,0.617,0.7319,,,,,,,,,,,,,,
Eymir,volcanogenic,94.0,Turkey,,,,20,69.91,0.99,16.04,0.73,2.4,0.59,0.05,0.01,0.07,0.02,5.45,,2365.0,,104.0,,81.0,,,67.0,9.0,0.8,,116.0,0.57,2.09,,8.45,62.5,8.5,6.165,14.61,1.4184999999999999,5.9399999999999995,1.1679999999999997,0.27949999999999997,1.27,0.21000000000000002,1.215,0.2645,0.7780000000000001,0.11850000000000002,0.7445,0.11750000000000002,16.798365122615806,15.266457680250785,10.354014598540145,8.354430379746836,5.056277056277055,3.2126436781609193,4.150326797385621,3.620689655172414,3.0020161290322585,1.1575783171677514,0.7013034589579531,5.595694493497272,0.283,0.714,,,,,,,,,,,,,,
Katsuyama,volcanogenic,179.0,Japan,,,,,,,,,,,,,,,,,,,,,,,,,,,,,,,,,,,,,,,,,,,,,,,,,,,,,,,,,,,,,,,,,,,,,,,,,,,,
Manuels River,sedimentary,517.0,Canada,,,1,5,27.0,7.669999999999999,23.516666666666666,9.196666666666667,,,,,3.21,,24.14,,,,,,,,,,,,,,,,,,,,,,,,,,,,,,,,,,,,,,,,,,,,,,,,,,,,,,,,,,,,,
Pipji - karstic?,sedimentary,230.0,Switzerland,,,,10,42.24,14.858888888888892,7.454444444444444,2.2066666666666666,9.610000000000001,2.707777777777778,,,1.3322222222222224,0.05777777777777778,18.711111111111112,,11814.0,,575.6666666666666,21.5,118.0,4.395555555555557,1.481111111111111,1400.6666666666667,20.45555555555556,,,,,,493.1111111111111,11.017777777777777,558.3333333333334,20.555555555555557,6.545555555555556,6.572222222222223,1.0744444444444445,4.267777777777778,0.8277777777777777,,0.9099999999999999,0.1311111111111111,0.8800000000000001,0.19111111111111112,0.5522222222222223,0.08511111111111111,0.5455555555555556,0.08555555555555555,17.835301241295795,6.867525833043074,7.842660178426602,6.002500390686045,3.5834535834535837,,2.973856209150327,2.2605363984674325,2.1998207885304657,0.656362031792998,0.821044389470728,10.369322067743454,0.656362031792998,,,,,,,,,,,,,,,
Vittinki,volcanogenic,1950.0,Finland,,,0.01,6,34.699999999999996,10.617333333333335,45.96666666666666,0.03333333333333333,3.22,2.5566666666666666,0.001,0.01933333333333333,0.25333333333333335,0.016666666666666666,1.047,,78.33333333333333,,14.666666666666666,,,,,3.4,,,,,,,,,39.0,,1.4533333333333334,1.5366666666666664,0.21999999999999997,1.0133333333333334,0.21666666666666667,0.09666666666666668,0.47333333333333333,0.08333333333333333,0.8633333333333333,0.25333333333333335,0.94,0.1366666666666667,0.93,0.0,3.960036330608538,1.6057122953674678,1.6058394160583942,1.425222691045476,0.937950937950938,1.1111111111111114,1.5468409586056644,1.4367816091954022,3.75,0.6367472689340921,0.9224537441388809,0.4288409138545379,0.75,3.05,0.4288409138545379,,,,,,,,,,,,,
Eregli-Ordu,volcanogenic,,Turkey,,,,,,,,,,,,,,,,,5300.0,,25.0,,87.0,,,54.0,,,,,,,,,,,,,,,,,,,,,,,,,,,,,,,,,,,,,,,,,,,,,,,,,,,,
Cuyuna IF,sedimentary,2060.0,USA,106,130,25,13,42.80769230769231,19.16153846153846,22.654615384615383,0.9169230769230771,,,,,0.35461538461538467,0.044915384615384614,0.7546153846153842,,8670.846153846154,,,,,,,,,,,,,,,,,,,,,,,,,,,,,,,,,,,,,,,,,,,,,,,,,,,,,,,,,,,
Nigerian IF,sedimentary,2300.0,Nigeria,,,,27,20.833333333333332,18.560200000000002,44.5,10.216666666666669,,,,,0.12833333333333333,0.47,2.1416666666666666,,111.83333333333333,,59.0,72.5,,,12.166666666666666,93.5,,,,,,,61.666666666666664,43.166666666666664,67.33333333333333,118.0,50.83939393939394,62.36878787878788,12.121818181818183,48.800000000000004,9.726060606060607,2.3712121212121215,9.795757575757575,1.6924242424242422,10.064848484848486,2.2606060606060603,6.404242424242423,0.895151515151515,5.294848484848485,0.813939393939394,138.52695896292627,65.17114720876476,88.48042468480425,68.63572433192687,42.10415846779483,27.255311738070365,32.01227965933848,29.179728317659347,21.35019550342131,0.5886601225606611,0.7423869974495096,6.488322738811815,,,,,,,,,,,,,,,,
